227,Edgar,Gibson,Male,55,Yes
228,Anna,Thompson,Male,19,Yes
229,Adelaide,Mason,Male,50,Yes
230,Alexia,Tucker,Male,21,Yes
231,Michael,Kelly,Male,45,Yes
232,Kate,West,Male,46,Yes
233,Lucy,Cameron,Male,63,Yes
234,Ryan,Mason,Male,27,Yes
235,Edward,Stevens,Male,26,Yes
236,Gianna,Johnson,Male,57,Yes
237,Victoria,Hill,Male,53,Yes
238,Henry,Taylor,Male,30,Yes
239,Blake,Johnson,Male,61,Yes
240,Deanna,Cunningham,Male,65,No
241,Andrew,Higgins,Male,64,Yes
242,Melissa,Andrews,Male,64,Yes
243,Eddy,West,Male,25,Yes
244,Isabella,Gray,Male,53,Yes
245,Tara,Henderson,Male,52,Yes
246,Rosie,Thompson,Male,66,Yes
247,Cherry,Jones,Male,21,Yes
248,Cherry,Hamilton,Male,31,Yes
249,Adrian,Watson,Male,56,Yes
250,Joyce,Casey,Male,31,Yes
251,Mary,Howard,Male,18,Yes
252,Byron,Stevens,Male,18,Yes
253,Alfred,Roberts,Male,38,Yes
254,Edith,West,Male,56,Yes
255,Maria,Wells,Male,54,Yes
256,Daryl,Hamilton,Male,31,No
257,Blake,Harris,Male,57,Yes
258,Martin,Morrison,Male,33,Yes
259,Robert,Robinson,Male,36,Yes
260,Deanna,Warren,Male,54,Yes
261,Rubie,Roberts,Male,36,Yes
262,Martin,Stevens,Male,54,Yes
263,Maximilian,Thomas,Male,35,Yes
264,Annabella,Cameron,Male,35,Yes
265,Haris,Thompson,Male,29,Yes
266,Julia,Roberts,Male,70,Yes
267,Tony,Gray,Male,69,Yes
268,Lilianna,Campbell,Male,67,Yes
269,Henry,Davis,Male,20,Yes
270,Kelvin,Harper,Male,25,Yes
271,Elise,Parker,Male,39,Yes
272,Emma,Allen,Male,50,Yes
273,Emma,Gibson,Male,57,Yes
274,Alina,Hunt,Male,55,Yes
275,Michelle,Thompson,Male,42,Yes
276,Adele,Clark,Male,68,Yes
277,Belinda,Edwards,Male,49,Yes
278,Rubie,Dixon,Male,59,Yes
279,William,Crawford,Male,42,Yes
280,Sofia,Payne,Male,29,No
281,Abigail,Turner,Male,47,Yes
282,Lucas,Elliott,Male,40,Yes
283,Grace,Miller,Male,41,Yes
284,Oliver,Campbell,Male,21,No
285,Reid,West,Male,69,Yes
286,Grace,Andrews,Male,63,Yes
287,Lucy,Reed,Male,50,Yes
288,Kate,Harris,Male,55,Yes
289,Arnold,Morrison,Male,30,Yes
290,Carl,Armstrong,Male,33,Yes
291,Jacob,Farrell,Male,65,Yes
292,Agata,Moore,Male,65,Yes
293,Bruce,Baker,Male,31,Yes
294,Edgar,Hall,Male,45,Yes
295,Agata,Chapman,Male,57,Yes
296,Violet,Nelson,Male,48,Yes
297,Kimberly,Allen,Male,22,Yes
298,Chester,Ryan,Male,36,Yes
299,Sawyer,Thompson,Male,18,Yes
300,Paige,Ellis,Male,48,Yes
301,Amber,Ferguson,Male,49,Yes
302,Miller,Ryan,Male,64,Yes
303,Edith,Rogers,Male,50,Yes
304,Lana,Cameron,Male,22,Yes
305,Connie,Scott,Male,50,Yes
306,April,Allen,Male,38,Yes
307,Sarah,Nelson,Male,19,Yes
308,Evelyn,Stewart,Male,67,Yes
309,Daniel,Payne,Male,19,Yes
310,Emily,Dixon,Male,36,Yes
311,Roman,Casey,Male,52,Yes
312,Brooke,Edwards,Male,53,Yes
313,Oscar,Reed,Male,24,Yes
314,Sawyer,Williams,Male,52,Yes
315,Tiana,Davis,Male,33,Yes
316,Alford,Wilson,Male,47,Yes
317,Carl,Warren,Male,25,Yes
318,Adam,Scott,Male,44,Yes
319,Sam,Payne,Male,61,No
320,Aldus,Wilson,Male,37,Yes
321,Melanie,Barnes,Male,58,No
322,Catherine,Owens,Male,37,No
323,Mike,Sullivan,Male,32,Yes
324,Lyndon,Wells,Male,21,Yes
325,Amy,Richards,Male,20,Yes
326,Kelsey,Martin,Male,26,Yes
327,Kevin,Henderson,Male,62,Yes
328,Julia,Riley,Male,27,Yes
329,Violet,Barrett,Male,51,Yes
330,Alford,Harper,Male,54,Yes
331,Lana,Wilson,Male,55,Yes
332,Rafael,Cole,Male,69,Yes
333,Tara,Mason,Male,64,Yes
334,Kimberly,Ellis,Male,28,Yes
335,Lucas,Brown,Male,70,No
336,John,Murray,Male,58,Yes
337,Michael,Reed,Male,56,Yes
338,Miley,Watson,Male,26,Yes
339,Oscar,Turner,Male,37,No
340,Arthur,Perkins,Male,44,Yes
341,Darcy,Brooks,Male,70,Yes
342,Jenna,Kelley,Male,53,Yes
343,Nicole,Wright,Male,55,Yes
344,Gianna,Brown,Male,50,Yes
345,Mary,Miller,Male,50,Yes
346,Maria,Parker,Male,38,Yes
347,Myra,Wright,Male,64,Yes
348,Charlie,Spencer,Male,19,Yes
349,Ellia,Harper,Male,40,Yes
350,Oscar,Baker,Male,57,Yes
351,Alexander,Rogers,Male,44,Yes
352,Antony,Harris,Male,49,Yes
353,Maria,Fowler,Male,43,Yes
354,Paul,West,Male,24,Yes
355,Florrie,Bennett,Male,20,Yes
356,Samantha,Tucker,Male,24,Yes
357,Amanda,Hunt,Male,44,Yes
358,Andrew,Tucker,Male,28,Yes
359,Adam,Thompson,Male,30,Yes
360,Leonardo,Spencer,Male,52,Yes
361,Frederick,Stevens,Male,43,Yes
362,Walter,Warren,Male,43,Yes
363,Amelia,Allen,Male,39,Yes
364,Belinda,Cooper,Male,68,Yes
365,Amy,Rogers,Male,68,Yes
366,Dale,Clark,Male,49,Yes
367,Adrianna,Perry,Male,63,Yes
368,Alfred,Clark,Male,56,Yes
369,Spike,Martin,Male,37,Yes
370,Oscar,Harrison,Male,30,Yes
371,Savana,Hall,Male,19,Yes
372,Miller,Morris,Male,24,Yes
373,Miller,Miller,Male,52,Yes
374,Alberta,Cooper,Male,63,Yes
375,Tony,Campbell,Male,37,Yes
376,Alissa,Gray,Male,38,Yes
377,Madaline,Walker,Male,35,Yes
378,Alina,Watson,Male,28,Yes
379,Amanda,Morrison,Male,30,Yes
380,Eric,Crawford,Male,69,Yes
381,Sofia,Baker,Male,41,Yes
382,Paul,Rogers,Male,63,Yes
383,Vanessa,Spencer,Male,35,Yes
384,Frederick,Watson,Male,36,Yes
385,Ellia,Douglas,Male,25,Yes
386,Heather,Howard,Male,58,Yes
387,Savana,Cunningham,Male,27,Yes
388,Kelvin,Reed,Male,65,Yes
389,Fenton,Barrett,Male,54,Yes
390,Kate,Murray,Male,54,Yes
391,Roland,Gibson,Male,59,Yes
392,Sydney,Myers,Male,42,Yes
393,Albert,Warren,Male,46,Yes
394,Martin,Russell,Male,33,Yes
395,Preston,Miller,Male,34,Yes
396,Kate,Jones,Male,27,Yes
397,Maximilian,Adams,Male,52,Yes
398,Alisa,Davis,Male,29,Yes
399,Chloe,Roberts,Male,54,Yes
400,Julian,Bailey,Male,25,Yes
401,Stuart,Cole,Male,41,Yes
402,Arthur,Payne,Male,53,Yes
403,Olivia,Ferguson,Male,53,Yes
404,Ada,Wilson,Male,21,Yes
405,Belinda,Riley,Male,61,Yes
406,James,Mason,Male,64,Yes
407,Ned,Thomas,Male,51,Yes
408,Steven,Crawford,Male,32,Yes
409,Alford,Johnston,Male,38,Yes
410,James,West,Male,58,Yes
411,Cherry,Fowler,Male,32,Yes
412,Ryan,Wells,Male,46,Yes
413,Sofia,Kelly,Male,39,Yes
414,Kevin,Perry,Male,19,Yes
415,Briony,Gibson,Male,50,Yes
416,Anna,Stewart,Male,36,Yes
417,Lana,Edwards,Male,65,Yes
418,Jacob,Edwards,Male,64,Yes
419,Derek,West,Male,46,Yes
420,Paul,Morgan,Male,36,Yes
421,Daniel,Rogers,Male,51,Yes
422,Melanie,Thomas,Male,51,Yes
423,Alford,Allen,Male,38,Yes
424,Cherry,Thompson,Male,59,Yes
425,Edith,Dixon,Male,57,Yes
